model_type,method,init,lr,momentum,test_mse,test_r2
normal,batch,zeros,0.01,0.0,2.647612840267917,-3.7456992549687715
normal,batch,zeros,0.001,0.0,8.160393312549955,-13.627052669717989
normal,batch,zeros,0.0001,0.0,117.72468438009457,-210.01497109279543
normal,batch,xavier,0.01,0.0,2.5472196915608234,-3.565750100856415
normal,batch,xavier,0.001,0.0,8.392614507491421,-14.043296289276112
normal,batch,xavier,0.0001,0.0,131.42938854992295,-234.5798936445914
normal,mini,zeros,0.01,0.0,0.3800279731822484,0.3188209236000725
normal,mini,zeros,0.001,0.0,1.6479526036764867,-1.95386369356781
normal,mini,zeros,0.0001,0.0,2.9390236153477582,-4.268036915956369
normal,mini,xavier,0.01,0.0,0.37369050036783674,0.3301804923241368
normal,mini,xavier,0.001,0.0,1.6642769587343922,-1.9831241951252463
normal,mini,xavier,0.0001,0.0,3.2114346026900455,-4.756318510611568
normal,sto,zeros,0.01,0.0,0.09170692811705534,0.8356204148048534
normal,sto,zeros,0.001,0.0,0.07109647614354464,0.8725635074986332
normal,sto,zeros,0.0001,0.0,0.755302457671733,-0.35383778781119246
normal,sto,xavier,0.01,0.0,0.07402828087666007,0.8673084100289247
normal,sto,xavier,0.001,0.0,0.07148754070968764,0.8718625459411263
normal,sto,xavier,0.0001,0.0,0.770451778629268,-0.3809921058776442
normal,batch,zeros,0.01,0.9,9.794083026285172,-16.555350923679782
normal,batch,zeros,0.001,0.9,111.89641147082479,-199.5681149729719
normal,batch,zeros,0.0001,0.9,160.09155427423363,-285.955236917926
normal,batch,xavier,0.01,0.9,10.194435333320426,-17.27296024190245
normal,batch,xavier,0.001,0.9,112.39635758045345,-200.4642406617071
normal,batch,xavier,0.0001,0.9,154.72309819813358,-276.33257698321194
normal,mini,zeros,0.01,0.9,1.653784319453571,-1.9643167208373478
normal,mini,zeros,0.001,0.9,2.938187832154933,-4.266538820911965
normal,mini,zeros,0.0001,0.9,20.440727281242104,-35.63887059098653
normal,mini,xavier,0.01,0.9,1.631957845645978,-1.9251939764119173
normal,mini,xavier,0.001,0.9,2.968750564701689,-4.32132082486322
normal,mini,xavier,0.0001,0.9,20.34008525051916,-35.458475329656665
normal,sto,zeros,0.01,0.9,0.07656815939747078,0.8627558185697055
normal,sto,zeros,0.001,0.9,0.7553170242526195,-0.35386389759998393
normal,sto,zeros,0.0001,0.9,2.04174506478437,-2.6597148515879123
normal,sto,xavier,0.01,0.9,0.07200627265851224,0.87093274767696
normal,sto,xavier,0.001,0.9,0.7586572125198555,-0.3598509999172823
normal,sto,xavier,0.0001,0.9,2.020616982407654,-2.6218439350894283
lasso,batch,zeros,0.01,0.0,2.8535169527930875,-4.114770963091635
lasso,batch,zeros,0.001,0.0,8.312910547908826,-13.90043135983616
lasso,batch,zeros,0.0001,0.0,117.84316208130758,-210.22733580482037
lasso,batch,xavier,0.01,0.0,2.6605776003985597,-3.7689378688465514
lasso,batch,xavier,0.001,0.0,7.799874540770167,-12.980842755407231
lasso,batch,xavier,0.0001,0.0,106.63084479615493,-190.12987858700527
lasso,mini,zeros,0.01,0.0,1.4372482188968807,-1.576187763515271
lasso,mini,zeros,0.001,0.0,2.088946694339356,-2.7443211561070204
lasso,mini,zeros,0.0001,0.0,3.110981634632977,-4.5762621336302605
lasso,mini,xavier,0.01,0.0,1.4303906878831276,-1.5638960192965055
lasso,mini,xavier,0.001,0.0,2.0922885544877223,-2.7503112551785707
lasso,mini,xavier,0.0001,0.0,3.0557768694238305,-4.477310652077066
lasso,sto,zeros,0.01,0.0,0.46860613674053553,0.160049475444334
lasso,sto,zeros,0.001,0.0,0.5842263799722228,-0.04719340154231877
lasso,sto,zeros,0.0001,0.0,1.6735821538706475,-1.9998032416058478
lasso,sto,xavier,0.01,0.0,0.5813074229859923,-0.04196133294673121
lasso,sto,xavier,0.001,0.0,0.5782057961382173,-0.03640183874999381
lasso,sto,xavier,0.0001,0.0,1.6710638733451881,-1.9952893633560862
lasso,batch,zeros,0.01,0.9,9.972269549682883,-16.874740389719847
lasso,batch,zeros,0.001,0.9,112.0278024181064,-199.8036259627739
lasso,batch,zeros,0.0001,0.9,160.10907402147416,-285.9866400937084
lasso,batch,xavier,0.01,0.9,10.275354808955202,-17.418003916488026
lasso,batch,xavier,0.001,0.9,124.47028263280103,-222.10608204198857
lasso,batch,xavier,0.0001,0.9,174.45666776499382,-311.7039065699979
lasso,mini,zeros,0.01,0.9,2.1016881960410645,-2.767159591626491
lasso,mini,zeros,0.001,0.9,3.1088719839596832,-4.57248070173953
lasso,mini,zeros,0.0001,0.9,20.65910358073291,-36.03029800289298
lasso,mini,xavier,0.01,0.9,2.1417743735707298,-2.8390118428105535
lasso,mini,xavier,0.001,0.9,3.2279203573919855,-4.785868312084308
lasso,mini,xavier,0.0001,0.9,19.71460879589836,-34.33734345586122
lasso,sto,zeros,0.01,0.9,0.5696874717943028,-0.02113321454721695
lasso,sto,zeros,0.001,0.9,1.6719141155780095,-1.996813375428197
lasso,sto,zeros,0.0001,0.9,2.364187066025634,-3.2376742653617407
lasso,sto,xavier,0.01,0.9,0.573770370945732,-0.028451584954836573
lasso,sto,xavier,0.001,0.9,1.6468606394269019,-1.9519064081796702
lasso,sto,xavier,0.0001,0.9,2.4451353022349847,-3.3827694916830016
ridge,batch,zeros,0.01,0.0,2.6867441677554895,-3.815839990381173
ridge,batch,zeros,0.001,0.0,8.320726914463272,-13.914441763611904
ridge,batch,zeros,0.0001,0.0,117.74598709848418,-210.0531550346667
ridge,batch,xavier,0.01,0.0,2.8132044201372772,-4.042512982891167
ridge,batch,xavier,0.001,0.0,7.333283975730152,-12.144505031398538
ridge,batch,xavier,0.0001,0.0,116.04248086946023,-206.99971454708563
ridge,mini,zeros,0.01,0.0,1.5417977325496957,-1.763586971399194
ridge,mini,zeros,0.001,0.0,1.839675419072851,-2.297516212678184
ridge,mini,zeros,0.0001,0.0,2.967304370921573,-4.318728602677085
ridge,mini,xavier,0.01,0.0,1.5413156334113411,-1.762722835417183
ridge,mini,xavier,0.001,0.0,1.8607407440047554,-2.3352746399355837
ridge,mini,xavier,0.0001,0.0,2.8880171109964627,-4.17661058427488
ridge,sto,zeros,0.01,0.0,2.180332276503572,-2.908124746494398
ridge,sto,zeros,0.001,0.0,1.5283564055068115,-1.7394941377480504
ridge,sto,zeros,0.0001,0.0,1.5603721647006537,-1.7968806114207272
ridge,sto,xavier,0.01,0.0,1.4676699542813854,-1.6307170378688776
ridge,sto,xavier,0.001,0.0,1.533524872296971,-1.7487583279734267
ridge,sto,xavier,0.0001,0.0,1.6068473947156876,-1.8801848850299043
ridge,batch,zeros,0.01,0.9,9.992049203043173,-16.910194321951863
ridge,batch,zeros,0.001,0.9,111.93031397489898,-199.62888333225746
ridge,batch,zeros,0.0001,0.9,160.09204372976436,-285.95611423983354
ridge,batch,xavier,0.01,0.9,10.083396471142558,-17.073929236501836
ridge,batch,xavier,0.001,0.9,103.56077744378739,-184.6269530363948
ridge,batch,xavier,0.0001,0.9,148.30617631514417,-264.830600207705
ridge,mini,zeros,0.01,0.9,1.8524240710781388,-2.320367464720468
ridge,mini,zeros,0.001,0.9,2.9690259590794157,-4.321814454019765
ridge,mini,zeros,0.0001,0.9,20.634945398707078,-35.98699580073649
ridge,mini,xavier,0.01,0.9,2.3503003506396682,-3.212783097794177
ridge,mini,xavier,0.001,0.9,3.0869713704905433,-4.533225066080451
ridge,mini,xavier,0.0001,0.9,20.179865414559206,-35.17129015492794
ridge,sto,zeros,0.01,0.9,1.7888087222469753,-2.2063404782362652
ridge,sto,zeros,0.001,0.9,1.5554127250572716,-1.7879910907692569
ridge,sto,zeros,0.0001,0.9,2.131178410011401,-2.8200191654808515
ridge,sto,xavier,0.01,0.9,1.541796615110748,-1.763584968451822
ridge,sto,xavier,0.001,0.9,1.5500957030658822,-1.7784606235803166
ridge,sto,xavier,0.0001,0.9,2.13475498573372,-2.82642997920807
polynomial,batch,zeros,0.01,0.0,3.504056527414773e+109,-6.280827090201756e+109
polynomial,batch,zeros,0.001,0.0,8.929947987853131,-15.006436767611419
polynomial,batch,zeros,0.0001,0.0,15.334239611467737,-26.48577450330357
polynomial,batch,xavier,0.01,0.0,3.502088761228585e+109,-6.27729997838929e+109
polynomial,batch,xavier,0.001,0.0,8.493270943686893,-14.223717371616956
polynomial,batch,xavier,0.0001,0.0,16.315371581266426,-28.244399173528585
polynomial,mini,zeros,0.01,0.0,inf,-inf
polynomial,mini,zeros,0.001,0.0,0.49477176334366135,0.11314904015875815
polynomial,mini,zeros,0.0001,0.0,18.63416903855456,-32.40071508124349
polynomial,mini,xavier,0.01,0.0,inf,-inf
polynomial,mini,xavier,0.001,0.0,0.4639572678511571,0.16838231523466307
polynomial,mini,xavier,0.0001,0.0,20.059149631916384,-34.954913806000334
polynomial,sto,zeros,0.01,0.0,,
polynomial,sto,zeros,0.001,0.0,inf,-inf
polynomial,sto,zeros,0.0001,0.0,0.29107706925992666,0.47826048819677713
polynomial,sto,xavier,0.01,0.0,,
polynomial,sto,xavier,0.001,0.0,inf,-inf
polynomial,sto,xavier,0.0001,0.0,0.4066023503439816,0.27118782559585874
polynomial,batch,zeros,0.01,0.9,4.853888819379684e+112,-8.700326650289417e+112
polynomial,batch,zeros,0.001,0.9,37402285952.738106,-67041524303.61721
polynomial,batch,zeros,0.0001,0.9,57.08436555464632,-101.32056098339386
polynomial,batch,xavier,0.01,0.9,4.592855071068414e+112,-8.23243812593963e+112
polynomial,batch,xavier,0.001,0.9,39468820488.39877,-70745672907.63277
polynomial,batch,xavier,0.0001,0.9,60.243642286858886,-106.98338940236472
polynomial,mini,zeros,0.01,0.9,inf,-inf
polynomial,mini,zeros,0.001,0.9,inf,-inf
polynomial,mini,zeros,0.0001,0.9,8.490072370846274,-14.217984107101909
polynomial,mini,xavier,0.01,0.9,inf,-inf
polynomial,mini,xavier,0.001,0.9,inf,-inf
polynomial,mini,xavier,0.0001,0.9,8.749357738598283,-14.682738756214617
polynomial,sto,zeros,0.01,0.9,,
polynomial,sto,zeros,0.001,0.9,inf,-inf
polynomial,sto,zeros,0.0001,0.9,1.651031062357173,-1.9593816601092873
polynomial,sto,xavier,0.01,0.9,,
polynomial,sto,xavier,0.001,0.9,inf,-inf
polynomial,sto,xavier,0.0001,0.9,1.6224965686938024,-1.9082351619281317
